Name,URL,Tags
1985 Games,https://www.1985games.com,"Dice, Dice Trays, Game Mats, Miniatures, Roleplaying Games, Wargames"
25th Century Games,http://www.25thcentury.games,
3WS Games,http://www.Th3rdworld.com,
9th Level Games,https://www.9thlevel.com/,"Dice, Dice Trays, Roleplaying Games"
Aaron Miller Illustration,https://www.aaronbmiller.com/,
AAW Games,http://aawgames.com,"Game Mats, Prints, Roleplaying Games"
Abbots Hollow Studios,http://www.etsy.com/shop/AbbotsHollowStudios,
Academy Games,http://www.academygames.com,Board Games
Ad Atra,https://www.ad-atra.com,"Card Games, Demos"
Adam's Apple Games,http://www.adamsapplegames.com,"Board Games, Prints"
Adventure Scents by Oddfish Games,https://oddfishgames.com,"Dice, Dice Trays, Roleplaying Games"
AEG,http://www.alderac.com,
AEGIS Combining Robots,http://www.zephyrworkshop.com,Workshops
Alayna Danner,https://www.alayna.net,
Albino Dragon,http://www.albinodragon.com,
Alex W Draws,https://www.alexwdraws.com,
Alley Cat Games,http://www.alleycatgames.com,
Allplay,https://www.letsallplay.com,
AllTru2U,http://www.AllTru2U.com,
Alpha Clash TCG,https://www.alphaclashtcg.com,
Amazing Discoveries,http://amazingmtg.com,
AMIGO Games,http://www.amigo.games,
Anime Depot,http://www.animedepot.com,
AnimeStuffStore.com,http://www.animestuffstore.com,"Art, Original Artwork, Prints"
APE Games,http://www.apegames.com,
Arcane Wonders,http://www.arcanewonders.com/,
Archon Games,http://www.archongames.net,"Art, Dice, Dice Trays, Game Mats, Original Artwork, Prints, Roleplaying Games"
Archon Studio,http://archon-studio.com,
Arcknight,http://www.arcknight.com,"Dice, Dice Trays, Resin Crafts, Roleplaying Games"
Ares Games,http://www.aresgames.eu,"Art, Board Games, Card Games, Dice, Dice Trays, Game Mats, Miniatures, Original Artwork, Roleplaying Games, Workshops"
Arkenforge Tabletop,http://arkenforge.com,
ArmorClass10 Apparel,http://www.armorclass10.com,"Art, Dice, Dice Trays, Original Artwork"
Armoured Wolf Productions,http://,
Ars Invicta: Art of Charles Urbach,https://www.etsy.com/shop/CharlesUrbachArt,
Art and Masks by Lisa Sell,http://www.etsy.com/shop/LisaSell,
Art by David Lee Pancake,http://www.davidLeePancake.com,"Art, Dice, Dice Trays, Original Artwork, Resin Crafts"
Art of David Wong,http://www.facebook.com/artofdavidwong,"Art, Original Artwork"
Artis Opus,https://www.artis-opus.com/,
Artovision,http://Artovision3D.com,"Art, Original Artwork"
Asmadi Games,http://www.asmadigames.com/,
Asmodee,http://www.asmodee.com,
Astra Fauna,https://www.astrafauna.com/,"Art, Original Artwork, Roleplaying Games"
Avantris Entertainment,http://,
Awl Father Wood Craft,https://awlfatherwc.com,"Dice, Dice Trays"
Axostories & Latine Lounge Present ,https://www.axostories.com/,
B.A. Games,https://bagamesco.com,
BackerKit,http://www.BackerKit.com,
Badali Jewelry,http://www.badalijewelry.com,
Badger Air-Brush Co.,http://www.badgerairbrush.com,
Badger Games,https://www.badgergames.com,"Miniatures, Roleplaying Games, Wargames"
Baldman Games,http://www.baldmangames.com,
Bandai Co. Ltd,http://www.bandai.co.jp/,
Bard & Broad,http://bardandbroad.com,Leather Goods
Barrel Aged Games,http://https:www.BarrelAgedGames.com,
Battle Foam,http://www.battlefoam.com,"Art, Miniatures, Original Artwork"
Battlelords of the 23rd Century,http://www.battlelords.com,Roleplaying Games
Baz LLC,http://baz.llc,"Art, Original Artwork"
BCW Supplies,http://www.bcwsupplies.com,
Beadle & Grimm's,http://www.beadleandgrimms.com,
Bellows Intent,https://www.bellowsintent.com/,
Bezier Games,http://www.beziergames.com,
BFE Webcomics,http://www.weregeek.com,
BGNations,https://www.bgnations.com/,
Bicycle,http://Bicyclecards.com,
Black Oak Workshop,https://blackoakworkshop.com,
Blonde Swan Hats,http://etsy.com/shop/TheBlondeSwan,
Blue Heron,https://www.blueherongames.com,
Blue Orange Games,http://www.blueorangegames.com/,
Blue Rondo Games,https://www.bluerondogames.com,
Board & Dice,http://www.activeplayernetwork.com,"Board Games, Dice"
BoardGamesMaker.com,http://www.boardgamesmaker.com,
Boda Games Manufacturing,http://www.bodagames.com,
BOMBYX,http://studiobombyx.com/en,
Breaking Games,http://www.breakinggames.com,
Bricks & Boards,http://www.facebook.com/pages/Bricks-Boards-LLC/272913412834293,
Broadway Toys Limited,https://www.facebook.com/BWgamesHK,
Broken Egg Games,http://www.brokenegggames.com,"Board Games, Card Games, Miniatures, Wargames"
Brookspun Games,http://www.brookspungames.com,
"Brotherwise Games, LLC",http://www.brotherwisegames.com/,
Brueh Games Inc,https://www.instagram.com/brueh.games/,Board Games
Burning Wheel,https://www.burningwheel.com/,
Bushiroad,https://en.bushiroad.com/,
Calliope Games.,http://www.calliopegames.com,
Capstone Games,http://www.capstone-games.com,
CapyCat Games,https://capycat.games,
Cardboard Dynamo,http://www.gigarobo.com,
Carolina Game Tables,http://www.carolinagametables.com,
Castillo Studios,http://www.castillostudios.ninja,"Art, Original Artwork"
Catalyst Game Labs,http://www.catalystgamelabs.com/,
Central Michigan University Press,https://www.cmichpress.com,Prints
Cephalofair Games,http://www.cephalofair.com,
CGE,https://www.czechgames.com,
CGS Creative Games Studio,http://www.wearecgs.com,
Chaosium,http://www.chaosium.com,
Charming Games Collective,https://charming.games,Card Games
Chessex Manufacturing,http://chessex.com,Dice
Chimera Hobby Shop,http://www.chimerahobby.com,
"Chip Theory Games, LLC",http://www.chiptheorygames.com,
Chris Seaman Illustration Studio,http://www.chrisseamanart.com,
Chronicle RPG Accessories,https://www.instagram.com/chroniclerpgs/,"Art, Dice, Dice Trays, Miniatures, Original Artwork, Roleplaying Games, Wargames"
Collector's Cache,http://www.collectorscache.com,Card Games
Columbia Games,http://www.columbiagames.com,
Conquest,https://Para-Bellum.com,
Continuum Games,http://www.continuumgames.com,"Card Games, Dice, Dice Trays"
Coolstuffinc.com,http://www.coolstuffinc.com/,"Card Games, Dice, Dice Trays"
Corsets and Cogs,http://corsetsandcogs.com,Leather Goods
Corvus Belli Infinity,http://www.corvusbelli.com,
Cosplay Deviants,https://www.CosplayDeviants.shop,"Card Games, Prints"
Craft Hackers,http://www.crafthackers.com,"Art, Original Artwork"
Crafty Games,http://crafty-games.com,
Creature Curation,http://creaturecuration.com,"Dice, Dice Trays"
Crimson Chain Leather Works,http://www.facebook.com/crimsonchainleatherworks,Leather Goods
Critical Hit Gaming Supplies,http://www.criticalhitgamingsupplies.com,
CRWN Studios,https://www.crwnstudios.com/,"Art, Dice, Dice Trays, Original Artwork"
Cryptozoic Entertainment,http://www.cryptozoic.com,Card Games
Crystal Caste,http://www.crystalcaste.com,"Dice, Dice Trays, Game Mats"
Cubicle 7 Entertainment,https://www.cubicle7games.com/gencononline/,
"D-Verse Publishing, LLC",http://d-verse.com,
Dapper On Arrival,https://www.dapperonarrival.com,
Dara Studios,http://www.dara-studios.com,Board Games
Daria Aksenova,http://dariaaksenova.com,"Art, Original Artwork"
Dark Moon Cards and Games,http://https:DarkMoonCardsandGames.com,
Darrington Press,https://darringtonpress.com/,
Dave & Adam's Card World,http://www.dacardworld.com/,
Dead Alive Games,http://www.deadalivegames.com,
Delicious Boutique,http://www.deliciousboutique.com,
Detestable Games,https://detestablegames.com/en/.com/,
Devious Weasel Games,http://www.deviousweasel.com,
Devir Games,http://www.devirgames.com,
DGS Games,http://www.dgsgames.com,
Diana Stein,http://www.naiadstudios.com,
Dice Dungeons,http://dicedungeons.com,"Dice, Dice Trays, Leather Goods, Roleplaying Games"
Dice Throne,http://www.dicethrone.com,
Diemension Games Inc.,https://diemensiongames.com,
Dire Wolf Digital,http://www.direwolfdigital.com,
Dispel Dice,http://dispeldice.com,
DIZED,https://dized.com,
Doctor Gus Designs,http://doctor-gus.com,
Dolphin Hat Games,http://www.dolphinhat.com,"Card Games, Prints"
Doomlings,http://doomlings.com,
Dragon Shield,http://www.dragonshield.com,"Art, Board Games, Original Artwork, Roleplaying Games"
Dragonsong Forge,http://www.facebook.com/Dragon-song-forge-274257625953872/,
Dryad Tea,http://www.dryadtea.com,"Art, Original Artwork, Roleplaying Games"
DV Games,http://www.dvgames.com,
Dwarven Forge,http://www.dwarvenforge.com,"Demos, Dice, Dice Trays, Miniatures, Wargames"
Eastar Game Manufacturing,https://www.eastarboardgame.com/,
Echo Chernik,http://www.echochernik.com,"Art, Original Artwork, Prints"
Elderwood Academy,http://www.elderwoodacademy.com,"Art, Dice, Dice Trays, Original Artwork"
Eldritch Foundry,https://eldritch-foundry.com/,
Elf Creek Games,https://www.elfcreekgames.com,
ENHANCE Gaming,https://www.ENHANCEgaming.com,
Envy Born Games,https://envyborngames.com/,"Board Games, Card Games, Prints"
Ephyrean Games,http://Aerodomegame.com,
Equilibrium USG,http://www.equnit.com,
Erik's Curiosa,https://sorcerytcg.com/,
Escape Plan Games,http://www.eplangames.com,
Everything Epic,http://www.EverythingEpic.us,
Extra Life,https://Extra-Life.org,"Art, Original Artwork, Roleplaying Games"
Fallenlights Studio,https://fallenlights.net,"Art, Original Artwork"
Fambam Games,https://www.fambam.games,
Family Time Games,http://www.family-time-games.com/,
FanRoll by Metallic Dice Games,https://fanrolldice.com/,"Art, Dice, Dice Trays, Original Artwork, Resin Crafts"
Fate of the Norns,http://www.fateofthenorns.com,
Featherstone Games,https://www.featherstonegames.com,
Fernando's Engravings,http://www.fernandosengravings.com,
Firelock Games,http://Www.Firelockgames.com,
Fireside Games,http://www.firesidegames.com,
First Fish Games,http://www.firstfishgames.com,Board Games
Flagbearer Games,https://www.nationsandcannons.com,
Flesh and Blood TCG,https://fabtcg.com,
Floodgate Games,http://floodgate.games,
Floral Frolic,https://floralfrolic.com/collections/favorite-original-product-samples,"Art, Card Games, Original Artwork"
Flying Frog Productions,http://www.flyingfrog.net/,
Foam Brain Games,https://www.foambrain.com,"Dice, Dice Trays, Resin Crafts, Roleplaying Games"
Fogel Pens & Creations,https://www.fogelpensandcreations.com,
Forged Foam,http://www.forgedfoam.com,
Forteller,https://fortellergames.com,
Free League Publishing,http://freeleaguepublishing.com,
Frenemy Games Studio,https://www.frenemygames.com,
Friendly Skeleton,http://www.friendlyskeleton.com,
Galladoria Games,http://www.galladoria.com,
Game Envy,https://gameenvy.net,"Art, Miniatures, Original Artwork"
Game Theory Tables,http://gametheorytables.com,Prints
Game Trade Magazine,http://www.gametrademagazine.com,
Game Trayz,http://www.gametrayz.com,"Art, Original Artwork"
GameHead,http://gamermats.com,"Art, Dice, Dice Trays, Miniatures, Original Artwork, Wargames"
Gamelyn Games,http://www.gamelyngames.com,
Gamer Concepts,https://www.gamerconcepts.com/,"Dice, Dice Trays, Game Mats"
Games and Gears,http://www.gamesandgears.co.uk,
Games Plus,http://www.games-plus.com,
GameTalkNetwork.com,https://www.gametalknetwork.com,
Gamewright,http://www.gamewright.com,
Gaming Honors LLC,https://www.gaminghonors.com,
"Gaming Paper, LLC",http://www.gamingpaper.com,
GamingEtc.com Magic & Minis,http://www.gamingetc.com,
Gate Keeper Games & Dice,http://www.gatekeepergaming.com,
Gatherers' Tavern,http://www.gathererstavern.com,
GCT Studios,http://www.bushido-thegame.com/,
Geek & Muse Collection,http://www.geekmuses.com,"Art, Original Artwork"
Geek Orthodox,http://www.GeekOrthodox.com,"Art, Dice, Dice Trays, Original Artwork, Roleplaying Games"
Geeky Endeavors,https://www.geekyendeavors.com,"Art, Dice, Dice Trays, Original Artwork"
Gehenna Gaming,https://www.gehennagaming.com,
Gemhammer and Sons,https://gemhammer.com,
Genius Games,http://www.geniusgames.org,
Ghost Galaxy,http://www.ghostgalaxy.com,
Ghostfire Gaming,https://ghostfiregaming.com/,
Gila RPGs,https://gilarpgs.com/,
Glass Cannon Network,http://www.glasscannonnetwork.com,"Dice, Dice Trays, Roleplaying Games"
Glass Cannon Unplugged,https://glasscannonunplugged.com/,
GlitchGear.com,http://www.glitchgear.com,
Golden Light Dice,https://goldenlightdice.com/pages/about-contact,"Dice, Dice Trays, Handmade Goods"
Goliath Coins,http://www.goliathcoins.com,"Art, Dice, Dice Trays, Original Artwork, Roleplaying Games"
Good Games,http://www.goodgamesna.com,
Goodman Games,http://www.goodman-games.com,
Gooey Cube,http://GooeyCube.com,"Art, Game Mats, Original Artwork, Roleplaying Games"
Got Kilt,http://www.got-kilt.com/,
Grand Gamers Guild,http://grandgamersguild.com,"Dice, Dice Trays"
Grandpa Beck's Games,https://www.grandpabecksgames.com,Prints
Gray Matters Games,https://graymattersgames.com/,
Great American Gothic,http://GreatAmericanGothic.com,
Green Ronin Publishing,https://greenronin.com/,
Grey Fox Games,http://www.greyfoxgames.com,
Griffin Road Games,http://GriffinRoadGames.com,
HABA USA,http://www.HABAusa.com,Board Games
Hachette Boardgames,https://www.hachetteboardgames.com/,Game Mats
Haha Anime and Games,http://hahaanimeandgames.com,
Half Price Books,http://www.hpb.com,
Hammerdog Games,http://www.hammerdog.com,
Happy Camper,http://happycamper.games,
Harebrained Design,http://www.harebraineddesign.com,
Helaman's Warriors,http://www.facebook.com/helamanswarriors2013/,
Henna Body Art by Desi,https://facebook.com/HennaArtByDesi,"Art, Original Artwork"
Hit Point Press Inc.,https://hitpointpress.com,Roleplaying Games
"HOBBY JAPAN CO., LTD.",https://hobbyjapan.co.jp,
Honeck Sculpture,https://www.honecksculpture.com,
Horrible Guild,http://horribleguild.com,
Hot Banana Games Inc.,http://hotbananagame.com,Board Games
Hotsauce Games,https://www.gradedpower.com,
Howard Tayler Jim Zub,http://www.schlockmercenary.com/,
Hrothgar's Hoard,http://www.facebook.com/HrothgarsHoard,
Icarus Magic,http://www.cardhaus.com/,
Imagine Majesty Productions,https://www.imaginemajesty.com,Demos
Imagining Games,http://www.imagininggames.com,
Impact! Miniatures,https://impact-miniatures.myshopify.com/,"Dice, Dice Trays, Prints, Resin Crafts, Roleplaying Games"
Incredible Dream,https://incredibledream.com,
Indie Boards & Cards,http://www.IndieBoardsAndCards.com,
Indie Game Developer Network,http://www.igdnonline.com,
Indie Press Revolution,http://www.indiepressrevolution.com,
Infinite Black,http://www.infiniteblack.com,
Inkwell Ideas,http://www.inkwellideas.com,"Dice, Dice Trays, Game Mats, Roleplaying Games"
Inside Up Games,http://insideupgames.com,
Iron Crown Enterprises,http://www.ironcrown.com,
Iron Wind Metals,http://www.ironwindmetals.com,"Demos, Miniatures, Resin Crafts, Wargames"
It's Kind of a Fun Story,http://www.itskindofafunstory.com,
IV Studio,https://shop.iv.studio/,Game Mats
Japan Pavilion,https://www.bgbe-j.com/,Board Games
Japanime Games,http://www.japanimegames.com,
Joanna Barnum Art,https://www.joannabarnum.com/,"Art, Original Artwork"
Kenzer and Company,http://www.Kenzerco.com,"Prints, Roleplaying Games"
Kess Co,https://kessentertainment.co,
Keymaster Games,https://keymastergames.com/,
Kingdom Death,http://www.kingdomdeath.com,
KLASK,http://www.klaskgame.com,
Kobold Press,https://koboldpress.com,"Art, Game Mats, Original Artwork, Roleplaying Games"
Kosmos,http://www.thamesandkosmos.com,
Kozz Games: Dark Tomb,https://darktomb.com,
KTBG & Burnt Island Games,https://www.kidstablebg.com/,
Ky Tran Art,http://www.kytranart.com,
Lady Heathers Fashions,http://www.facebook.com/LadyHeathersFashions/,
Lamentations of the Flame Princess,http://www.lotfp.com,
Last Night Games,https://lastnightgames.com,
Lautapelit.fi,https://en.lautapelit.fi,
Leder Games,http://www.ledergames.com,
Legendary Realms Terrain,http://www.lrterrain.com,"Miniatures, Roleplaying Games, Wargames"
LEGENDS: The Superhero Role-Playing Game,https://www.matchplaygames.ca,
Lethal Shadows Premium Minis,http://www.lethalshadows.com,
Level 99 Games,http://www.level99games.com,
Level Up Dice,http://www.LevelUpDice.net,"Art, Dice, Dice Trays, Original Artwork"
Limithron,http://www.Limithron.com,
Limitless Adventures,https://limitless-adventures.com,
Loft817,https://loft817.com/,"Art, Leather Goods, Original Artwork"
LongPack Games & Toys,https://www.longpackgames.com,
Loot Studios,https://lootstudios.com/,
Lor Illustration,http://www.lorillustration.com/,
Lost Boy Entertainment,https://www.lost-boy-entertainment.com,
"Lowtek Games, LLC",http://lowtekgames.com,
Lucky Duck Games,https://www.goliathgames.us/,Board Games
Luma Imports,https://cookierunbraverse.com/en/,
Lynnvander Studios,https://lynnvander.rocks,
Maeca Art,http://www.maecaart.com,"Art, Original Artwork, Prints"
Mage Hand Press,http://magehandpress.com,Roleplaying Games
Magic Minis and More,http://stores.ebay.com/Magic-Minis-and-More,"Art, Dice, Dice Trays, Game Mats, Miniatures, Original Artwork"
Magpie Games,http://www.magpiegames.com,
Mana Project Studio ,https://manaprojectstudio.com,"Dice, Dice Trays"
Mantic Entertainment,http://www.manticgames.com,"Board Games, Dice, Dice Trays, Miniatures, Roleplaying Games, Wargames"
Margaret Weis,http://www.margaretweis.com/,
Mattel,https://shop.mattel.com/collections/mattel-games,"Board Games, Card Games"
Mayday Games,http://www.maydaygames.com,
Medieval Collectibles,http://www.medievalcollectibles.com,"Art, Leather Goods, Original Artwork, Roleplaying Games"
Meeple Source,http://boardgamegeek.com,
MELORIA,https://www.meloriamaille.com,
Meromorph Games,http://meromorphgames.com,Prints
Metal Weave Games,http://www.metalweavegames.com,
Metis Creative,https://metismedia.net,"Game Mats, Roleplaying Games"
Mid Level Meeple,http://midlevelmeeple.com,Board Games
Mighty Boards,http://www.mighty-boards.com,
Mindclash Games,http://mindclashgames.com,
MindWare/Peaceable Kingdom,http://www.mindware.com,
Miniature Market,http://www.miniaturemarket.com,
Mirkywood Emporium,http://mirkywood.com,Workshops
Mistymountaingaming.com ,http://Mistymountaingaming.com,"Dice, Dice Trays, Leather Goods"
MIT Press,https://mitpress.mit.edu/,"Art, Original Artwork"
Modiphius Entertainment,http://www.modiphius.net,"Board Games, Dice, Dice Trays, Roleplaying Games"
Monster Adventure Terrain,https://www.monsterprotectors.com,
Monster Fight Club,http://www.monsterfightclub.com,
Monument Hobbies,http://monumenthobbies.com,Game Mats
Moonshot Games,https://www.moonshotgamestore.com,"Board Games, Card Games, Dice, Dice Trays, Roleplaying Games"
Moose Games,https://www.moosetoys.com,
Moss Fete,http://www.moss-fete.com,
Mr Nice Guy Games,http://www.mrniceguygames.com,
Musings,https://www.musings.shop,
My Little Demon,http://mylittledemon.com/,
Mythic Arts by Shauna Aura Knight,https://shaunaknight.storenvy.com,
Mythicos Studios,https://mythicosstudios.com/,
Mythworks,http://myth.works,
Najarian Art,http://www.NajarianArt.com,"Art, Original Artwork, Prints"
Naomi VanDoren,http://naomivandoren.com,"Art, Original Artwork"
Necromolds,http://www.necromolds.com,
NEED GAMES!,http://www.needgames.it,
Neoclassical Games,http://neoclassicalgames.com,
NerdBurger Games,https://www.nerdburgergames.com,
Norse Foundry,http://www.norsefoundry.com,"Dice, Dice Trays, Roleplaying Games"
North Star Games,http://www.northstargames.com,Board Games
O Christmas Geek,http://www.ochristmasgeek.com,
Oink Games,http://oinkgms.com,
Ol' Cranky Man Collectibles,https://www.facebook.com/OCMCollectibles,
One More Turn Games,https://onemoreturngames.com,Board Games
Origami Whale Games,http://www.origamiwhalegames.com,
Orto Games,http://www.ortogames.com,
Osprey Games,http://www.ospreygames.co.uk,
Owloo Art,https://www.owloo.moe/,
Paizo,http://www.paizo.com,"Card Games, Game Mats"
Palladium Books,http://www.palladiumbooks.com,
Panda Cult Games,http://www.pandacultgames.com,
Pandasaurus Games,http://www.pandasaurusgames.com,"Dice, Dice Trays"
Paverson Games,https://paversongames.com/,"Art, Board Games, Original Artwork"
Pawley Studios,https://www.pawleystudios.com,"Dice, Dice Trays, Handmade Goods, Roleplaying Games"
Pawstar,http://pawstar.com,Leather Goods
Pegasus Publishing,http://www.pegasuspublishing.com,"Art, Game Mats, Original Artwork, Prints"
Pegasus Spiele ,https://pegasusna.com,
Pendragon Costumes,http://www.pendragoncostumes.com/,
Pendragon Game Studio,http://www.pendragongamestudio.com,
Penny Arcade,http://penny-arcade.com,
Pens and More,http://www.facebook.com/pages/Pens-and-More/229326397088784,"Art, Original Artwork"
Perplext,http://www.perplext.com,
"PescEffects,  The Art of Jerry Pesce LLC",http://www.pesceffects.com,"Art, Card Games, Original Artwork, Prints"
Phase Shift Games,https://phaseshiftgames.com,Workshops
Pine Box Entertainment,https://pineboxentertainment.com,
Pine Island Games,http://www.pineislandgames.com,Board Games
Pink Bunny Games,http://www.PinkBunnyGames.com,
Plaid Hat Games,http://www.plaidhatgames.com,
Pointy Hat Games,https://www.monkeyminionpress.com,"Art, Original Artwork, Prints"
Pop Nouveau,https://popnouveau.myshopify.com/,
Portal Games,https://portalgamesUS.com,
Possible Worlds Games,https://www.possibleworldsgames.com/,
Possum Creek Games,https://possumcreekgames.com,
Posthuman Studios,http://www.posthumanstudios.com,
Primal Trading Card Game,https://primaltcg.com,"Art, Card Games, Demos, Game Mats, Original Artwork"
Pro-Play Games,http://www.Pro-Playgames.com,
Prodigy Games,http://prodigygames.com,
Profantasy Software,https://www.pelgranepress.com,"Prints, Roleplaying Games"
Prolific Games,http://www.prolificgames.net,"Art, Dice, Dice Trays, Game Mats, Original Artwork"
PudKat Games,https://www.pudkatgames.net,
Pulp Figures,http://www.pulpfigures.com,"Dice, Dice Trays, Miniatures"
Q-Workshop,http://www.q-workshop.com/,"Art, Dice, Dice Trays, Original Artwork, Roleplaying Games, Workshops"
QuasiReal Publishing ,https://quasirealhouse.com/,
Queen Games,https://queen-games.com,
"R. TALSORIAN GAMES, Inc.",https://rtalsoriangames.com/,
Rabble,https://www.rabblegame.com/,
Ravensburger,http://www.ravensburger.com,
Rebellion Unplugged,https://rebellionunplugged.com/,
Red Raven Games,http://www.redravengames.com,
Red Republic Games,http://arenarex.com,"Miniatures, Wargames"
Renegade Game Studios,http://www.renegadegames.com,
Restoration Games,http://www.restorationgames.com,
Role 4 Initiative,http://www.r4i.us,"Dice, Dice Trays"
Rollacrit,https://www.rollacrit.com/,"Dice, Dice Trays"
Rose Gauntlet Entertainment,https://www.rosegauntlet.com/,
"Rowan,  Rook and Decard",http://rowanrookanddecard.com,
Roxley Games Temp,https://roxley.com,
Runaway Parade Games,http://runawayparade.com,"Board Games, Card Games"
Ruth Thompson Fantasy Art,http://www.redrooart.com,"Art, Game Mats, Original Artwork"
Savagesparrow Studios,http://www.savagesparrow.com/,
Sea Cow Games,https://www.seacowboardgames.com,"Art, Original Artwork"
Sea Dog Game Studios,http://www.seadoggamestudios.com,"3D Printing, Art, Original Artwork"
SFR,https://www.sfr-inc.com,
Shark Robot,http://www.sharkrobot.com,
Shibe Ink,https://Shibe.Ink/,
Silver Leaf Costumes,http://www.SilverLeafCostumes.com,
Sky Kingdom Games,https://www.skykingdomgames.com,
SlugFest Games,http://www.slugfestgames.com,
SMASHCRAFT,https://www.smashcraft.com,
Smirk and Dagger Games,http://www.smirkanddagger.com,
Snap Ships,https://snapshipstactics.com,
Snowbright Studio,http://www.snowbrightstudio.com,
Solis Game Studio,https://www.solisgamestudio.com,
Sophisticated Cerberus Games,https://www.sophisticatedcerberus.com,
Soul Masters TCG,https://soulmasterstcg.com,
Spiel des Jahres e.V.,https://www.spiel-des-jahres.com/en,
Spin Master Games,http://www.spinmastergames.com/,
Squatchy Games,http://www.squatchygames.com,
SRG Universe,http://www.supershowthegame.com,
StarCityGames.com,http://www.starcitygames.com,
Start Here! Beach House RPGs,https://www.facebook.com/BeachHouseRPGs,"Art, Original Artwork, Roleplaying Games"
Starwind Design,https://www.starwinddesign.com,"Dice, Dice Trays"
Stat Trackers,http://www.stattrackers.com,
Steamforged Games,http://www.steamforged.com,"Board Games, Card Games, Dice, Dice Trays, Miniatures, Roleplaying Games"
Steve Argyle,http://www.steveargyle.com/,
Steve Jackson Games,http://www.sjgames.com,
STL Ocarina,http://www.stlocarina.com,
Stoneblade Entertainment,https://www.stoneblade.com,
Strange Machine Games,http://www.strangemachinegames.com,
Studio 2 Publishing Inc.,https://acheronstore.com/,
Studio de Sade: Fine Art of Nigel Sade,http://www.studiodesade.com/,
Studio Woe,http://www.studiowoe.com,
Succubus Publishing,https://www.middara.com,
Surfin' Meeple USA,https://matagot-friends.com/usa/,"Board Games, Dice, Dice Trays"
Tabletop Tycoon,http://www.tabletoptycoon.com,
Tea & Absinthe,https://www.teaandabsinthe.com/,
Teburu,https://teburu.net/,
TeeTurtle & Unstable Games,http://www.teeturtle.com,
Terragon Gaming,http://terragons.com,"Miniatures, Wargames"
The Arcane Library,https://www.thearcanelibrary.com,"Prints, Roleplaying Games"
The Arcane Threadery,http://Instagram.com/thearcanethreadery,
The Castle Games,http://https:fb.com/thecastlegameshoppe,
The Dice Tower,http://www.dicetower.com,
The ENNIE Awards,https://ennie-awards.com/,
The Evergreen Burrow,https://wwwtheevergreenburrow.com,
The Five Wits,http://www.thefivewits.net,
The Magical Land of Yeld,https://yeldstuff.com/,"Game Mats, Roleplaying Games"
The TESA Collective,http://store.tesacollective.com,Board Games
The Weathered Dragon,https://www.theweathereddragon.com,
Themeborne,http://www.themeborne.com,
"Thompson Productions, LLC",http://www.facebook.com/pages/Thompson-Productions-LLC/477186595081,"Dice, Dice Trays, Roleplaying Games"
Thunderworks Games,http://www.thunderworksgames.com,
Timid Monsters,http://www.timidmonsters.com,Handmade Goods
Titan Forge,http://www.titan-forge.com,
Tokyo Sky,http://www.amazon.com/shops/animedawg,"Art, Original Artwork, Prints"
Toynk Toys,http://www.toynk.com,Resin Crafts
Treasure Falls Games,http://www.treasurefallsgames.com,
Triceratops Games,https://triceratopsgames.com,
Trick or Treat Studios,https://www.trickortreatstudios.com,
Troll and Toad,https://www.mayfair-games.com,
Troll Lord Games,https://www.trolllord.com,"Art, Original Artwork, Prints, Roleplaying Games"
TTCombat,http://www.TTCombat.com,"Dice, Dice Trays, Game Mats"
Twilight Creations,http://www.twilightcreationsinc.com,
Twin City Games,http://twincitygames.com,
Twogether Studios,http://www.twogetherstudios.com,Game Mats
Tyler Walpole Creations,http://www.tylerwalpole.com,Prints
Ukiyo-e Heroes,https://ukiyoeheroesportfolio.com/collections/giclee-prints,"Art, Handmade Goods, Original Artwork, Prints"
Ukiyo-pop,http://encounterparty.com,
Ulisses Spiele International,https://ulisses-us.com,
Ultra Pro,http://www.shop.ultrapro.com,
Unleash the Goddess,https://Unleashthegoddess.com,
Unphazed Games,https://Unphazedgames.com,Board Games
Upper Deck,https://upperdeck.com/trading-cards/entertainment/,"Art, Original Artwork"
Utopia Toys and Models,https://www.utopiatoysandmodels.com,
UVS Games,https://linktr.ee/riftbound,Card Games
Van Ryder Games,http://vanrydergames.com,
Vesuvius Media,http://www.vesuviusmedia.com,
Volante Design Inc,http://www.volantedesign.us,
Warhammer,http://www.games-workshop.com,
Wattsalpoag,https://wattsalpoag.myshopify.com/,
We Have Issues! Publishing,http://www.zynvaded.com,"Demos, Miniatures, Wargames"
Weird City Games,https://www.weirdcitygames.com,
Weird Giraffe Games,https://buttonshygames.com/,
Wet Ink Games,http://wetinkgames.com,
Whales Entertainment,https://www.whales-entertainment.com/,
Wildfire,http://www.wildfire.games,
Wise Wizard Games,http://www.wisewizardgames.com,
Wonderful World Board Games,https://wonderfulworldbg.com/,
Woodside Illustrations,http://www.woodsideillustrations.com,"Art, Original Artwork, Prints"
World in Chains Chainmaille,http://www.etsy.com/shop/worldinchainsmaille,
Wyrd Games,http://www.wyrd-games.net,
Wyrmwood,http://www.wyrmwoodgaming.com,"Dice, Dice Trays, Resin Crafts"
Wyvern Warfare,http://www.wyvernwarfare.com,"Art, Dice, Dice Trays, Original Artwork, Resin Crafts"
XYZ Game Labs,http://xyzgamelabs.com,
Zombie Orpheus Entertainment,https://looneylabs.com,
