Name,URL
1985 Games, https://www.1985games.com
25th Century Games, www.25thcentury.games
3WS Games, www.Th3rdworld.com
9th Level Games, https://www.9thlevel.com/
Aaron Miller Illustration, https://www.aaronbmiller.com/
AAW Games, http://aawgames.com
Abbots Hollow Studios, www.etsy.com/shop/AbbotsHollowStudios
Academy Games, www.academygames.com
Ad Atra, https://www.ad-atra.com
Adam's Apple Games, www.adamsapplegames.com
Adventure Scents by Oddfish Games, https://oddfishgames.com
AEG, www.alderac.com
AEGIS Combining Robots, www.zephyrworkshop.com
Alayna Danner, https://www.alayna.net
Albino Dragon, www.albinodragon.com
Alex W Draws, https://www.alexwdraws.com
Alley Cat Games, www.alleycatgames.com
Allplay, https://www.letsallplay.com
AllTru2U, www.AllTru2U.com
Alpha Clash TCG, https://www.alphaclashtcg.com
Amazing Discoveries, http://amazingmtg.com
AMIGO Games, www.amigo.games
Anime Depot, www.animedepot.com
AnimeStuffStore.com, www.animestuffstore.com
APE Games, http://www.apegames.com
Arcane Wonders, www.arcanewonders.com/
Archon Games, www.archongames.net
Archon Studio, http://archon-studio.com
Arcknight, www.arcknight.com
Ares Games, www.aresgames.eu
Arkenforge Tabletop, arkenforge.com
ArmorClass10 Apparel, www.armorclass10.com
Armoured Wolf Productions, 
Ars Invicta: Art of Charles Urbach, https://www.etsy.com/shop/CharlesUrbachArt
Art and Masks by Lisa Sell, www.etsy.com/shop/LisaSell
Art by David Lee Pancake, www.davidLeePancake.com
Art of David Wong, www.facebook.com/artofdavidwong
Artis Opus, https://www.artis-opus.com/
Artovision, Artovision3D.com
Asmadi Games, www.asmadigames.com/
Asmodee, www.asmodee.com
Astra Fauna, https://www.astrafauna.com/
Avantris Entertainment, 
Awl Father Wood Craft, https://awlfatherwc.com
Axostories & Latine Lounge Present , https://www.axostories.com/
B.A. Games, https://bagamesco.com
BackerKit, http://www.BackerKit.com
Badali Jewelry, www.badalijewelry.com
Badger Air-Brush Co., www.badgerairbrush.com
Badger Games, https://www.badgergames.com
Badgers From Mars, 
Baldman Games, www.baldmangames.com
Bandai Co. Ltd, www.bandai.co.jp/
Bard & Broad, bardandbroad.com
Barrel Aged Games, https:www.BarrelAgedGames.com
Battle Foam, www.battlefoam.com
Battlelords of the 23rd Century, http://www.battlelords.com
Baz LLC, http://baz.llc
BCW Supplies, www.bcwsupplies.com
Beadle & Grimm's, www.beadleandgrimms.com
Bellows Intent, https://www.bellowsintent.com/
Bezier Games, www.beziergames.com
BFE Webcomics, http://www.weregeek.com
BGNations, https://www.bgnations.com/
Bicycle, Bicyclecards.com
Bitewing Games, 
Black Labrador Creations, 
Black Oak Workshop, https://blackoakworkshop.com
Blackout Games, 
Blonde Swan Hats, etsy.com/shop/TheBlondeSwan
Blue Heron, https://www.blueherongames.com
Blue Orange Games, www.blueorangegames.com/
Blue Rondo Games, https://www.bluerondogames.com
Board & Dice, www.activeplayernetwork.com
BoardGamesMaker.com, www.boardgamesmaker.com
Boda Games Manufacturing, http://www.bodagames.com
BOMBYX, http://studiobombyx.com/en
Breaking Games, www.breakinggames.com
Bricks & Boards, www.facebook.com/pages/Bricks-Boards-LLC/272913412834293
Broadway Toys Limited, https://www.facebook.com/BWgamesHK
Broken Egg Games, www.brokenegggames.com
Brookspun Games, http://www.brookspungames.com
"Brotherwise Games, LLC", www.brotherwisegames.com/
Brueh Games Inc, https://www.instagram.com/brueh.games/
Bryan Scott Fyffe, 
Burning Wheel, https://www.burningwheel.com/
Bushiroad, https://en.bushiroad.com/
Calliope Games., http://www.calliopegames.com
Cantrip Candles, 
Capstone Games, www.capstone-games.com
CapyCat Games, https://capycat.games
Cardboard Dynamo, www.gigarobo.com
Carolina Game Tables, www.carolinagametables.com
Castillo Studios, www.castillostudios.ninja
Catalyst Game Labs, www.catalystgamelabs.com/
Central Michigan University Press, https://www.cmichpress.com
Cephalofair Games, www.cephalofair.com
CGE, https://www.czechgames.com
CGS Creative Games Studio, http://www.wearecgs.com
Chaosium, www.chaosium.com
Charming Games Collective, https://charming.games
Chessex Manufacturing, chessex.com
Chimera Hobby Shop, www.chimerahobby.com
"Chip Theory Games, LLC", www.chiptheorygames.com
Chris Seaman Illustration Studio, http://www.chrisseamanart.com
Chronicle RPG Accessories, https://www.instagram.com/chroniclerpgs/
Collector's Cache, www.collectorscache.com
Color Spray Creations, 
Columbia Games, www.columbiagames.com
Conquest, https://Para-Bellum.com
Contention Games, 
Continuum Games, www.continuumgames.com
Coolstuffinc.com, www.coolstuffinc.com/
Corsets and Cogs, http://corsetsandcogs.com
Corvus Belli Infinity, http://www.corvusbelli.com
Cosplay Deviants, https://www.CosplayDeviants.shop
CR GAMES, 
Craft Hackers, www.crafthackers.com
Crafty Games, crafty-games.com
Creature Curation, creaturecuration.com
Crimson Chain Leather Works, www.facebook.com/crimsonchainleatherworks
Critical Hit Gaming Supplies, http://www.criticalhitgamingsupplies.com
CRWN Studios, https://www.crwnstudios.com/
Cryptozoic Entertainment, www.cryptozoic.com
Crystal Caste, www.crystalcaste.com
Cubicle 7 Entertainment, https://www.cubicle7games.com/gencononline/
"D-Verse Publishing, LLC", d-verse.com
Dapper On Arrival, https://www.dapperonarrival.com
Dara Studios, http://www.dara-studios.com
Daria Aksenova, http://dariaaksenova.com
Dark Moon Cards and Games, https:DarkMoonCardsandGames.com
Darrington Press, https://darringtonpress.com/
Dave & Adam's Card World, www.dacardworld.com/
Dead Alive Games, http://www.deadalivegames.com
Delicious Boutique, www.deliciousboutique.com
Detestable Games, https://detestablegames.com/en/.com/
Devious Weasel Games, www.deviousweasel.com
Devir Games, www.devirgames.com
DGS Games, www.dgsgames.com
Diana Stein, www.naiadstudios.com
Dice Dungeons, dicedungeons.com
Dice Throne, www.dicethrone.com
Diemension Games Inc., https://diemensiongames.com
Dire Wolf Digital, www.direwolfdigital.com
Dispel Dice, http://dispeldice.com
DIZED, https://dized.com
Doctor Gus Designs, http://doctor-gus.com
Dogs With Jobs, 
Dolphin Hat Games, http://www.dolphinhat.com
Doomlings, http://doomlings.com
Double Infinity Gaming, 
Dragon Shield, www.dragonshield.com
Dragonsong Forge, www.facebook.com/Dragon-song-forge-274257625953872/
Dryad Tea, www.dryadtea.com
DV Games, http://www.dvgames.com
DVC Games, 
Dwarven Forge, www.dwarvenforge.com
Eastar Game Manufacturing, https://www.eastarboardgame.com/
Echo Chernik, www.echochernik.com
Eerie Games TTRPGs, 
Elderwood Academy, www.elderwoodacademy.com
Eldritch Foundry, https://eldritch-foundry.com/
Elf Creek Games, https://www.elfcreekgames.com
ENHANCE Gaming, https://www.ENHANCEgaming.com
Envy Born Games, https://envyborngames.com/
Ephyrean Games, http://Aerodomegame.com
Equilibrium USG, www.equnit.com
Erik's Curiosa, https://sorcerytcg.com/
Escape Plan Games, http://www.eplangames.com
Everything Epic, www.EverythingEpic.us
Extra Life, https://Extra-Life.org
Fallenlights Studio, https://fallenlights.net
Fambam Games, https://www.fambam.games
Family Time Games, http://www.family-time-games.com/
FanRoll by Metallic Dice Games, https://fanrolldice.com/
Fate of the Norns, www.fateofthenorns.com
Featherstone Games, https://www.featherstonegames.com
Fernando's Engravings, www.fernandosengravings.com
Fireforge Games, 
Firelock Games, http://Www.Firelockgames.com
Fireside Games, www.firesidegames.com
First Fish Games, www.firstfishgames.com
Flagbearer Games, https://www.nationsandcannons.com
Flesh and Blood TCG, https://fabtcg.com
Floodgate Games, floodgate.games
Floral Frolic, https://floralfrolic.com/collections/favorite-original-product-samples
Flying Frog Productions, www.flyingfrog.net/
Foam Brain Games, https://www.foambrain.com
Fogel Pens & Creations, https://www.fogelpensandcreations.com
Forged Foam, www.forgedfoam.com
Forteller, https://fortellergames.com
Free League Publishing, freeleaguepublishing.com
Frenemy Games Studio, https://www.frenemygames.com
Friendly Skeleton, http://www.friendlyskeleton.com
Galladoria Games, http://www.galladoria.com
Game Envy, https://gameenvy.net
Game Theory Tables, http://gametheorytables.com
Game Trade Magazine, www.gametrademagazine.com
Game Trayz, www.gametrayz.com
GameHead, http://gamermats.com
Gameland, 
Gamelyn Games, www.gamelyngames.com
Gamer Concepts, https://www.gamerconcepts.com/
Games and Gears, www.gamesandgears.co.uk
Games Plus, www.games-plus.com
GameTalkNetwork.com, https://www.gametalknetwork.com
Gamewright, www.gamewright.com
Gaming Honors LLC, https://www.gaminghonors.com
"Gaming Paper, LLC", www.gamingpaper.com
GamingEtc.com Magic & Minis, www.gamingetc.com
Gate Keeper Games & Dice, www.gatekeepergaming.com
Gatherers' Tavern, http://www.gathererstavern.com
GCT Studios, www.bushido-thegame.com/
Geek & Muse Collection, http://www.geekmuses.com
Geek Orthodox, www.GeekOrthodox.com
Geeknson, 
Geeky Endeavors, https://www.geekyendeavors.com
Gehenna Gaming, https://www.gehennagaming.com
Gemhammer and Sons, https://gemhammer.com
Genius Games, www.geniusgames.org
Ghost Galaxy, www.ghostgalaxy.com
Ghostfire Gaming, https://ghostfiregaming.com/
Gila RPGs, https://gilarpgs.com/
Glass Cannon Network, http://www.glasscannonnetwork.com
Glass Cannon Unplugged, https://glasscannonunplugged.com/
GlitchGear.com, www.glitchgear.com
Golden Light Dice, https://goldenlightdice.com/pages/about-contact
Goliath Coins, http://www.goliathcoins.com
Good Games, www.goodgamesna.com
Goodman Games, www.goodman-games.com
Gooey Cube, GooeyCube.com
Got Kilt, www.got-kilt.com/
Grand Gamers Guild, grandgamersguild.com
Grandpa Beck's Games, https://www.grandpabecksgames.com
Gray Matters Games, https://graymattersgames.com/
Great American Gothic, GreatAmericanGothic.com
Green Ronin Publishing, https://greenronin.com/
Grey Fox Games, www.greyfoxgames.com
Griffin Road Games, http://GriffinRoadGames.com
HABA USA, www.HABAusa.com
Hachette Boardgames, https://www.hachetteboardgames.com/
Haha Anime and Games, http://hahaanimeandgames.com
Half Price Books, www.hpb.com
Hammerdog Games, www.hammerdog.com
Happy Camper, http://happycamper.games
Harebrained Design, www.harebraineddesign.com
Helaman's Warriors, www.facebook.com/helamanswarriors2013/
Henna Body Art by Desi, https://facebook.com/HennaArtByDesi
Hit Point Press Inc., https://hitpointpress.com
"HOBBY JAPAN CO., LTD.", https://hobbyjapan.co.jp
Honeck Sculpture, https://www.honecksculpture.com
Horrible Guild, http://horribleguild.com
Hot Banana Games Inc., http://hotbananagame.com
Hotsauce Games, https://www.gradedpower.com
Howard Tayler Jim Zub, www.schlockmercenary.com/
Hrothgar's Hoard, www.facebook.com/HrothgarsHoard
Icarus Magic, www.cardhaus.com/
Imagine Majesty Productions, https://www.imaginemajesty.com
Imagining Games, http://www.imagininggames.com
Impact! Miniatures, https://impact-miniatures.myshopify.com/
Incredible Dream, https://incredibledream.com
Indie Boards & Cards, www.IndieBoardsAndCards.com
Indie Game Developer Network, www.igdnonline.com
Indie Press Revolution, www.indiepressrevolution.com
Infinite Black, http://www.infiniteblack.com
Inkwell Ideas, www.inkwellideas.com
Inside Up Games, insideupgames.com
Iron Crown Enterprises, http://www.ironcrown.com
Iron Wind Metals, www.ironwindmetals.com
It's Kind of a Fun Story, http://www.itskindofafunstory.com
IV Studio, https://shop.iv.studio/
Japan Pavilion, https://www.bgbe-j.com/
Japanime Games, www.japanimegames.com
Jeszika Le Vye, 
Joanna Barnum Art, https://www.joannabarnum.com/
Kenzer and Company, www.Kenzerco.com
Kess Co, https://kessentertainment.co
Keymaster Games, https://keymastergames.com/
Kingdom Death, http://www.kingdomdeath.com
Kinson Key Games, 
KLASK, www.klaskgame.com
Kobold Press, https://koboldpress.com
Kosmos, www.thamesandkosmos.com
Kozz Games: Dark Tomb, https://darktomb.com
KTBG & Burnt Island Games, https://www.kidstablebg.com/
Ky Tran Art, http://www.kytranart.com
Lady Heathers Fashions, www.facebook.com/LadyHeathersFashions/
Lamentations of the Flame Princess, www.lotfp.com
Last Night Games, https://lastnightgames.com
Lautapelit.fi, https://en.lautapelit.fi
Leder Games, www.ledergames.com
Legendary Realms Terrain, www.lrterrain.com
LEGENDS: The Superhero Role-Playing Game, https://www.matchplaygames.ca
Lethal Shadows Premium Minis, http://www.lethalshadows.com
Level 99 Games, www.level99games.com
Level Up Dice, www.LevelUpDice.net
Leyline Press, 
Limithron, http://www.Limithron.com
Limitless Adventures, https://limitless-adventures.com
Lioness Games, 
Little Game Masters, 
Loft817, https://loft817.com/
LongPack Games & Toys, https://www.longpackgames.com
Loot Studios, https://lootstudios.com/
Lor Illustration, http://www.lorillustration.com/
Lost Boy Entertainment, https://www.lost-boy-entertainment.com
"Lowtek Games, LLC", http://lowtekgames.com
Lucky Duck Games, https://www.goliathgames.us/
Luma Imports, https://cookierunbraverse.com/en/
Lynnvander Studios, https://lynnvander.rocks
Maeca Art, http://www.maecaart.com
Mage Hand Press, http://magehandpress.com
Magic Minis and More, stores.ebay.com/Magic-Minis-and-More
Magpie Games, www.magpiegames.com
Mana Project Studio , https://manaprojectstudio.com
Mantic Entertainment, www.manticgames.com
Many Worlds Tavern, 
Margaret Weis, www.margaretweis.com/
Mattel, https://shop.mattel.com/collections/mattel-games
Mayday Games, www.maydaygames.com
Medieval Collectibles, www.medievalcollectibles.com
Meeple Source, boardgamegeek.com
MELORIA, https://www.meloriamaille.com
Meromorph Games, meromorphgames.com
Metal Weave Games, http://www.metalweavegames.com
Metis Creative, https://metismedia.net
Mid Level Meeple, midlevelmeeple.com
Mighty Boards, http://www.mighty-boards.com
Mindclash Games, http://mindclashgames.com
MindWare/Peaceable Kingdom, http://www.mindware.com
Miniature Market, www.miniaturemarket.com
Mirkywood Emporium, http://mirkywood.com
Mistymountaingaming.com , http://Mistymountaingaming.com
MIT Press, https://mitpress.mit.edu/
MOCO Games, 
Modiphius Entertainment, www.modiphius.net
Monster Adventure Terrain, https://www.monsterprotectors.com
Monster Fight Club, www.monsterfightclub.com
Monument Hobbies, http://monumenthobbies.com
Moonshot Games, https://www.moonshotgamestore.com
Moose Games, https://www.moosetoys.com
Moss Fete, http://www.moss-fete.com
MOZAIC GAMES, 
Mr Nice Guy Games, www.mrniceguygames.com
Mugs and Woods, 
Musings, https://www.musings.shop
My Little Demon, mylittledemon.com/
Mythic Arts by Shauna Aura Knight, https://shaunaknight.storenvy.com
Mythicos Studios, https://mythicosstudios.com/
Mythworks, http://myth.works
Najarian Art, www.NajarianArt.com
Naomi VanDoren, naomivandoren.com
Necromolds, http://www.necromolds.com
NEED GAMES!, http://www.needgames.it
Neoclassical Games, http://neoclassicalgames.com
NerdBurger Games, https://www.nerdburgergames.com
Norse Foundry, www.norsefoundry.com
North Star Games, www.northstargames.com
O Christmas Geek, www.ochristmasgeek.com
Oink Games, oinkgms.com
Ol' Cranky Man Collectibles, https://www.facebook.com/OCMCollectibles
One More Turn Games, https://onemoreturngames.com
Origami Whale Games, www.origamiwhalegames.com
Orto Games, http://www.ortogames.com
Osprey Games, www.ospreygames.co.uk
Owloo Art, https://www.owloo.moe/
Paizo, www.paizo.com
Palladium Books, www.palladiumbooks.com
Panda Cult Games, www.pandacultgames.com
Pandasaurus Games, www.pandasaurusgames.com
Paverson Games, https://paversongames.com/
Pawley Studios, https://www.pawleystudios.com
Pawstar, pawstar.com
Pegasus Publishing, www.pegasuspublishing.com
Pegasus Spiele , https://pegasusna.com
Pendragon Costumes, www.pendragoncostumes.com/
Pendragon Game Studio, www.pendragongamestudio.com
Penguin Random House, 
Penny Arcade, penny-arcade.com
Pens and More, www.facebook.com/pages/Pens-and-More/229326397088784
Perplext, www.perplext.com
"PescEffects,  The Art of Jerry Pesce LLC", www.pesceffects.com
Petro Gaming Group, 
Phase Shift Games, https://phaseshiftgames.com
Pine Box Entertainment, https://pineboxentertainment.com
Pine Island Games, http://www.pineislandgames.com
Pink Bunny Games, www.PinkBunnyGames.com
Plaid Hat Games, www.plaidhatgames.com
Pointy Hat Games, https://www.monkeyminionpress.com
Pop Nouveau, https://popnouveau.myshopify.com/
Portal Games, https://portalgamesUS.com
Possible Worlds Games, https://www.possibleworldsgames.com/
Possum Creek Games, https://possumcreekgames.com
Posthuman Studios, www.posthumanstudios.com
Primal Trading Card Game, https://primaltcg.com
Pro-Play Games, http://www.Pro-Playgames.com
Prodigy Games, http://prodigygames.com
Profantasy Software, https://www.pelgranepress.com
Prolific Games, www.prolificgames.net
PudKat Games, https://www.pudkatgames.net
Pulp Figures, www.pulpfigures.com
Q-Workshop, www.q-workshop.com/
QuasiReal Publishing , https://quasirealhouse.com/
Queen Games, https://queen-games.com
"R. TALSORIAN GAMES, Inc.", https://rtalsoriangames.com/
Rabble, https://www.rabblegame.com/
Ravensburger, www.ravensburger.com
Rebellion Unplugged, https://rebellionunplugged.com/
Red Raven Games, www.redravengames.com
Red Republic Games, arenarex.com
Renegade Game Studios, www.renegadegames.com
Restoration Games, www.restorationgames.com
Role 4 Initiative, www.r4i.us
Roll & Play Press, 
Rollacrit, https://www.rollacrit.com/
Rose Gauntlet Entertainment, https://www.rosegauntlet.com/
"Rowan,  Rook and Decard", rowanrookanddecard.com
Roxley Games Temp, https://roxley.com
Runaway Parade Games, runawayparade.com
Ruth Thompson Fantasy Art, www.redrooart.com
Salt & Pepper Games, 
Savagesparrow Studios, www.savagesparrow.com/
Sea Cow Games, https://www.seacowboardgames.com
Sea Dog Game Studios, www.seadoggamestudios.com
SFR, https://www.sfr-inc.com
Shadows on the Wall Autographs, 
Shark Robot, www.sharkrobot.com
Shibe Ink, https://Shibe.Ink/
Silver Leaf Costumes, www.SilverLeafCostumes.com
Sirius Dice, 
Sky Kingdom Games, https://www.skykingdomgames.com
SlugFest Games, www.slugfestgames.com
SMASHCRAFT, https://www.smashcraft.com
Smirk and Dagger Games, www.smirkanddagger.com
Snap Ships, https://snapshipstactics.com
Snowbright Studio, http://www.snowbrightstudio.com
Solis Game Studio, https://www.solisgamestudio.com
Sophisticated Cerberus Games, https://www.sophisticatedcerberus.com
Soul Masters TCG, https://soulmasterstcg.com
SoulMuppet Publishing, 
Spiel des Jahres e.V., https://www.spiel-des-jahres.com/en
Spin Master Games, http://www.spinmastergames.com/
Squatchy Games, http://www.squatchygames.com
SRG Universe, www.supershowthegame.com
StarCityGames.com, www.starcitygames.com
Start Here! Beach House RPGs, https://www.facebook.com/BeachHouseRPGs
Starwind Design, https://www.starwinddesign.com
Stat Trackers, http://www.stattrackers.com
Steamforged Games, www.steamforged.com
Steve Argyle, www.steveargyle.com/
Steve Jackson Games, www.sjgames.com
STL Ocarina, www.stlocarina.com
Stoneblade Entertainment, https://www.stoneblade.com
Strange Machine Games, www.strangemachinegames.com
Studio 2 Publishing Inc., https://acheronstore.com/
Studio de Sade: Fine Art of Nigel Sade, http://www.studiodesade.com/
Studio Woe, www.studiowoe.com
Succubus Publishing, https://www.middara.com
Surfin' Meeple USA, https://matagot-friends.com/usa/
Tabletop Tycoon, http://www.tabletoptycoon.com
Tavern Crawl Games, 
Tea & Absinthe, https://www.teaandabsinthe.com/
Teburu, https://teburu.net/
TeeTurtle & Unstable Games, www.teeturtle.com
Terragon Gaming, http://terragons.com
The Arcane Library, https://www.thearcanelibrary.com
The Arcane Threadery, http://Instagram.com/thearcanethreadery
The Army Painter, 
The Art of Michael C. Hayes, 
The Castle Games, https:fb.com/thecastlegameshoppe
The Dice Tower, www.dicetower.com
The ENNIE Awards, https://ennie-awards.com/
The Evergreen Burrow, https://wwwtheevergreenburrow.com
The Five Wits, www.thefivewits.net
The Magical Land of Yeld, https://yeldstuff.com/
The TESA Collective, http://store.tesacollective.com
The Weathered Dragon, https://www.theweathereddragon.com
Themeborne, www.themeborne.com
This Way, 
"Thompson Productions, LLC", www.facebook.com/pages/Thompson-Productions-LLC/477186595081
Thunderworks Games, www.thunderworksgames.com
Timid Monsters, www.timidmonsters.com
Titan Forge, http://www.titan-forge.com
Tokyo Sky, http://www.amazon.com/shops/animedawg
Toynk Toys, http://www.toynk.com
Treasure Falls Games, http://www.treasurefallsgames.com
Triceratops Games, https://triceratopsgames.com
Trick or Treat Studios, https://www.trickortreatstudios.com
Troll and Toad, https://www.mayfair-games.com
Troll Lord Games, https://www.trolllord.com
TTCombat, www.TTCombat.com
Twilight Creations, www.twilightcreationsinc.com
Twin City Games, twincitygames.com
Twogether Studios, www.twogetherstudios.com
Tyler Walpole Creations, http://www.tylerwalpole.com
Ukiyo-e Heroes, https://ukiyoeheroesportfolio.com/collections/giclee-prints
Ukiyo-pop, encounterparty.com
Ulisses Spiele International, https://ulisses-us.com
Ultimate Guard, 
Ultra Pro, www.shop.ultrapro.com
Unleash the Goddess, https://Unleashthegoddess.com
Unphazed Games, https://Unphazedgames.com
Upper Deck, https://upperdeck.com/trading-cards/entertainment/
Utopia Toys and Models, https://www.utopiatoysandmodels.com
UVS Games, https://linktr.ee/riftbound
Van Ryder Games, vanrydergames.com
Vesuvius Media, www.vesuviusmedia.com
Volante Design Inc, http://www.volantedesign.us
Ward Trading Card Company, 
Warhammer, http://www.games-workshop.com
Wattsalpoag, https://wattsalpoag.myshopify.com/
We Have Issues! Publishing, www.zynvaded.com 
Weird City Games, https://www.weirdcitygames.com
Weird Giraffe Games, https://buttonshygames.com/
Wet Ink Games, http://wetinkgames.com
Whales Entertainment, https://www.whales-entertainment.com/
Wildfire, www.wildfire.games
Wise Wizard Games, http://www.wisewizardgames.com
Wonderful World Board Games, https://wonderfulworldbg.com/
Woodside Illustrations, http://www.woodsideillustrations.com
World in Chains Chainmaille, www.etsy.com/shop/worldinchainsmaille
Wyrd Games, www.wyrd-games.net
Wyrmwood, www.wyrmwoodgaming.com
Wyvern Warfare, http://www.wyvernwarfare.com
XYZ Game Labs, xyzgamelabs.com
Zero Strategy Games, 
Zeys Games, 
Zombie Orpheus Entertainment, https://looneylabs.com