Name,Tags
1985 Games,"Dice, Dice Trays, Game Mats, Miniatures, Roleplaying Games, Wargames"
25th Century Games,
3WS Games,
9th Level Games,"Dice, Dice Trays, Roleplaying Games"
Aaron Miller Illustration,
AAW Games,"Game Mats, Prints, Roleplaying Games"
Abbots Hollow Studios,
Academy Games,Board Games
Ad Atra,"Card Games, Demos"
Adam's Apple Games,"Board Games, Prints"
Adventure Scents by Oddfish Games,"Dice, Dice Trays, Roleplaying Games"
AEG,
AEGIS Combining Robots,Workshops
Alayna Danner,
Albino Dragon,
Alex W Draws,
Alley Cat Games,
Allplay,
AllTru2U,
Alpha Clash TCG,
Amazing Discoveries,
AMIGO Games,
Anime Depot,
AnimeStuffStore.com,"Art, Original Artwork, Prints"
APE Games,
Arcane Wonders,
Archon Games,"Art, Dice, Dice Trays, Game Mats, Original Artwork, Prints, Roleplaying Games"
Archon Studio,
Arcknight,"Dice, Dice Trays, Resin Crafts, Roleplaying Games"
Ares Games,"Art, Board Games, Card Games, Dice, Dice Trays, Game Mats, Miniatures, Original Artwork, Roleplaying Games, Workshops"
Arkenforge Tabletop,
ArmorClass10 Apparel,"Art, Dice, Dice Trays, Original Artwork"
Armoured Wolf Productions,
Ars Invicta: Art of Charles Urbach,
Art and Masks by Lisa Sell,
Art by David Lee Pancake,"Art, Dice, Dice Trays, Original Artwork, Resin Crafts"
Art of David Wong,"Art, Original Artwork"
Artis Opus,
Artovision,"Art, Original Artwork"
Asmadi Games,
Asmodee,
Astra Fauna,"Art, Original Artwork, Roleplaying Games"
Avantris Entertainment,
Awl Father Wood Craft,"Dice, Dice Trays"
Axostories & Latine Lounge Present ,
B.A. Games,
BackerKit,
Badali Jewelry,
Badger Air-Brush Co.,
Badger Games,"Miniatures, Roleplaying Games, Wargames"
Baldman Games,
Bandai Co. Ltd,
Bard & Broad,Leather Goods
Barrel Aged Games,
Battle Foam,"Art, Miniatures, Original Artwork"
Battlelords of the 23rd Century,Roleplaying Games
Baz LLC,"Art, Original Artwork"
BCW Supplies,
Beadle & Grimm's,
Bellows Intent,
Bezier Games,
BFE Webcomics,
BGNations,
Bicycle,
Black Oak Workshop,
Blonde Swan Hats,
Blue Heron,
Blue Orange Games,
Blue Rondo Games,
Board & Dice,"Board Games, Dice"
BoardGamesMaker.com,
Boda Games Manufacturing,
BOMBYX,
Breaking Games,
Bricks & Boards,
Broadway Toys Limited,
Broken Egg Games,"Board Games, Card Games, Miniatures, Wargames"
Brookspun Games,
"Brotherwise Games, LLC",
Brueh Games Inc,Board Games
Burning Wheel,
Bushiroad,
Calliope Games.,
Capstone Games,
CapyCat Games,
Cardboard Dynamo,
Carolina Game Tables,
Castillo Studios,"Art, Original Artwork"
Catalyst Game Labs,
Central Michigan University Press,Prints
Cephalofair Games,
CGE,
CGS Creative Games Studio,
Chaosium,
Charming Games Collective,Card Games
Chessex Manufacturing,Dice
Chimera Hobby Shop,
"Chip Theory Games, LLC",
Chris Seaman Illustration Studio,
Chronicle RPG Accessories,"Art, Dice, Dice Trays, Miniatures, Original Artwork, Roleplaying Games, Wargames"
Collector's Cache,Card Games
Columbia Games,
Conquest,
Continuum Games,"Card Games, Dice, Dice Trays"
Coolstuffinc.com,"Card Games, Dice, Dice Trays"
Corsets and Cogs,Leather Goods
Corvus Belli Infinity,
Cosplay Deviants,"Card Games, Prints"
Craft Hackers,"Art, Original Artwork"
Crafty Games,
Creature Curation,"Dice, Dice Trays"
Crimson Chain Leather Works,Leather Goods
Critical Hit Gaming Supplies,
CRWN Studios,"Art, Dice, Dice Trays, Original Artwork"
Cryptozoic Entertainment,Card Games
Crystal Caste,"Dice, Dice Trays, Game Mats"
Cubicle 7 Entertainment,
"D-Verse Publishing, LLC",
Dapper On Arrival,
Dara Studios,Board Games
Daria Aksenova,"Art, Original Artwork"
Dark Moon Cards and Games,
Darrington Press,
Dave & Adam's Card World,
Dead Alive Games,
Delicious Boutique,
Detestable Games,
Devious Weasel Games,
Devir Games,
DGS Games,
Diana Stein,
Dice Dungeons,"Dice, Dice Trays, Leather Goods, Roleplaying Games"
Dice Throne,
Diemension Games Inc.,
Dire Wolf Digital,
Dispel Dice,
DIZED,
Doctor Gus Designs,
Dolphin Hat Games,"Card Games, Prints"
Doomlings,
Dragon Shield,"Art, Board Games, Original Artwork, Roleplaying Games"
Dragonsong Forge,
Dryad Tea,"Art, Original Artwork, Roleplaying Games"
DV Games,
Dwarven Forge,"Demos, Dice, Dice Trays, Miniatures, Wargames"
Eastar Game Manufacturing,
Echo Chernik,"Art, Original Artwork, Prints"
Elderwood Academy,"Art, Dice, Dice Trays, Original Artwork"
Eldritch Foundry,
Elf Creek Games,
ENHANCE Gaming,
Envy Born Games,"Board Games, Card Games, Prints"
Ephyrean Games,
Equilibrium USG,
Erik's Curiosa,
Escape Plan Games,
Everything Epic,
Extra Life,"Art, Original Artwork, Roleplaying Games"
Fallenlights Studio,"Art, Original Artwork"
Fambam Games,
Family Time Games,
FanRoll by Metallic Dice Games,"Art, Dice, Dice Trays, Original Artwork, Resin Crafts"
Fate of the Norns,
Featherstone Games,
Fernando's Engravings,
Firelock Games,
Fireside Games,
First Fish Games,Board Games
Flagbearer Games,
Flesh and Blood TCG,
Floodgate Games,
Floral Frolic,"Art, Card Games, Original Artwork"
Flying Frog Productions,
Foam Brain Games,"Dice, Dice Trays, Resin Crafts, Roleplaying Games"
Fogel Pens & Creations,
Forged Foam,
Forteller,
Free League Publishing,
Frenemy Games Studio,
Friendly Skeleton,
Galladoria Games,
Game Envy,"Art, Miniatures, Original Artwork"
Game Theory Tables,Prints
Game Trade Magazine,
Game Trayz,"Art, Original Artwork"
GameHead,"Art, Dice, Dice Trays, Miniatures, Original Artwork, Wargames"
Gamelyn Games,
Gamer Concepts,"Dice, Dice Trays, Game Mats"
Games and Gears,
Games Plus,
GameTalkNetwork.com,
Gamewright,
Gaming Honors LLC,
"Gaming Paper, LLC",
GamingEtc.com Magic & Minis,
Gate Keeper Games & Dice,
Gatherers' Tavern,
GCT Studios,
Geek & Muse Collection,"Art, Original Artwork"
Geek Orthodox,"Art, Dice, Dice Trays, Original Artwork, Roleplaying Games"
Geeky Endeavors,"Art, Dice, Dice Trays, Original Artwork"
Gehenna Gaming,
Gemhammer and Sons,
Genius Games,
Ghost Galaxy,
Ghostfire Gaming,
Gila RPGs,
Glass Cannon Network,"Dice, Dice Trays, Roleplaying Games"
Glass Cannon Unplugged,
GlitchGear.com,
Golden Light Dice,"Dice, Dice Trays, Handmade Goods"
Goliath Coins,"Art, Dice, Dice Trays, Original Artwork, Roleplaying Games"
Good Games,
Goodman Games,
Gooey Cube,"Art, Game Mats, Original Artwork, Roleplaying Games"
Got Kilt,
Grand Gamers Guild,"Dice, Dice Trays"
Grandpa Beck's Games,Prints
Gray Matters Games,
Great American Gothic,
Green Ronin Publishing,
Grey Fox Games,
Griffin Road Games,
HABA USA,Board Games
Hachette Boardgames,Game Mats
Haha Anime and Games,
Half Price Books,
Hammerdog Games,
Happy Camper,
Harebrained Design,
Helaman's Warriors,
Henna Body Art by Desi,"Art, Original Artwork"
Hit Point Press Inc.,Roleplaying Games
"HOBBY JAPAN CO., LTD.",
Honeck Sculpture,
Horrible Guild,
Hot Banana Games Inc.,Board Games
Hotsauce Games,
Howard Tayler Jim Zub,
Hrothgar's Hoard,
Icarus Magic,
Imagine Majesty Productions,Demos
Imagining Games,
Impact! Miniatures,"Dice, Dice Trays, Prints, Resin Crafts, Roleplaying Games"
Incredible Dream,
Indie Boards & Cards,
Indie Game Developer Network,
Indie Press Revolution,
Infinite Black,
Inkwell Ideas,"Dice, Dice Trays, Game Mats, Roleplaying Games"
Inside Up Games,
Iron Crown Enterprises,
Iron Wind Metals,"Demos, Miniatures, Resin Crafts, Wargames"
It's Kind of a Fun Story,
IV Studio,Game Mats
Japan Pavilion,Board Games
Japanime Games,
Joanna Barnum Art,"Art, Original Artwork"
Kenzer and Company,"Prints, Roleplaying Games"
Kess Co,
Keymaster Games,
Kingdom Death,
KLASK,
Kobold Press,"Art, Game Mats, Original Artwork, Roleplaying Games"
Kosmos,
Kozz Games: Dark Tomb,
KTBG & Burnt Island Games,
Ky Tran Art,
Lady Heathers Fashions,
Lamentations of the Flame Princess,
Last Night Games,
Lautapelit.fi,
Leder Games,
Legendary Realms Terrain,"Miniatures, Roleplaying Games, Wargames"
LEGENDS: The Superhero Role-Playing Game,
Lethal Shadows Premium Minis,
Level 99 Games,
Level Up Dice,"Art, Dice, Dice Trays, Original Artwork"
Limithron,
Limitless Adventures,
Loft817,"Art, Leather Goods, Original Artwork"
LongPack Games & Toys,
Loot Studios,
Lor Illustration,
Lost Boy Entertainment,
"Lowtek Games, LLC",
Lucky Duck Games,Board Games
Luma Imports,
Lynnvander Studios,
Maeca Art,"Art, Original Artwork, Prints"
Mage Hand Press,Roleplaying Games
Magic Minis and More,"Art, Dice, Dice Trays, Game Mats, Miniatures, Original Artwork"
Magpie Games,
Mana Project Studio ,"Dice, Dice Trays"
Mantic Entertainment,"Board Games, Dice, Dice Trays, Miniatures, Roleplaying Games, Wargames"
Margaret Weis,
Mattel,"Board Games, Card Games"
Mayday Games,
Medieval Collectibles,"Art, Leather Goods, Original Artwork, Roleplaying Games"
Meeple Source,
MELORIA,
Meromorph Games,Prints
Metal Weave Games,
Metis Creative,"Game Mats, Roleplaying Games"
Mid Level Meeple,Board Games
Mighty Boards,
Mindclash Games,
MindWare/Peaceable Kingdom,
Miniature Market,
Mirkywood Emporium,Workshops
Mistymountaingaming.com ,"Dice, Dice Trays, Leather Goods"
MIT Press,"Art, Original Artwork"
Modiphius Entertainment,"Board Games, Dice, Dice Trays, Roleplaying Games"
Monster Adventure Terrain,
Monster Fight Club,
Monument Hobbies,Game Mats
Moonshot Games,"Board Games, Card Games, Dice, Dice Trays, Roleplaying Games"
Moose Games,
Moss Fete,
Mr Nice Guy Games,
Musings,
My Little Demon,
Mythic Arts by Shauna Aura Knight,
Mythicos Studios,
Mythworks,
Najarian Art,"Art, Original Artwork, Prints"
Naomi VanDoren,"Art, Original Artwork"
Necromolds,
NEED GAMES!,
Neoclassical Games,
NerdBurger Games,
Norse Foundry,"Dice, Dice Trays, Roleplaying Games"
North Star Games,Board Games
O Christmas Geek,
Oink Games,
Ol' Cranky Man Collectibles,
One More Turn Games,Board Games
Origami Whale Games,
Orto Games,
Osprey Games,
Owloo Art,
Paizo,"Card Games, Game Mats"
Palladium Books,
Panda Cult Games,
Pandasaurus Games,"Dice, Dice Trays"
Paverson Games,"Art, Board Games, Original Artwork"
Pawley Studios,"Dice, Dice Trays, Handmade Goods, Roleplaying Games"
Pawstar,Leather Goods
Pegasus Publishing,"Art, Game Mats, Original Artwork, Prints"
Pegasus Spiele ,
Pendragon Costumes,
Pendragon Game Studio,
Penny Arcade,
Pens and More,"Art, Original Artwork"
Perplext,
"PescEffects,  The Art of Jerry Pesce LLC","Art, Card Games, Original Artwork, Prints"
Phase Shift Games,Workshops
Pine Box Entertainment,
Pine Island Games,Board Games
Pink Bunny Games,
Plaid Hat Games,
Pointy Hat Games,"Art, Original Artwork, Prints"
Pop Nouveau,
Portal Games,
Possible Worlds Games,
Possum Creek Games,
Posthuman Studios,
Primal Trading Card Game,"Art, Card Games, Demos, Game Mats, Original Artwork"
Pro-Play Games,
Prodigy Games,
Profantasy Software,"Prints, Roleplaying Games"
Prolific Games,"Art, Dice, Dice Trays, Game Mats, Original Artwork"
PudKat Games,
Pulp Figures,"Dice, Dice Trays, Miniatures"
Q-Workshop,"Art, Dice, Dice Trays, Original Artwork, Roleplaying Games, Workshops"
QuasiReal Publishing ,
Queen Games,
"R. TALSORIAN GAMES, Inc.",
Rabble,
Ravensburger,
Rebellion Unplugged,
Red Raven Games,
Red Republic Games,"Miniatures, Wargames"
Renegade Game Studios,
Restoration Games,
Role 4 Initiative,"Dice, Dice Trays"
Rollacrit,"Dice, Dice Trays"
Rose Gauntlet Entertainment,
"Rowan,  Rook and Decard",
Roxley Games Temp,
Runaway Parade Games,"Board Games, Card Games"
Ruth Thompson Fantasy Art,"Art, Game Mats, Original Artwork"
Savagesparrow Studios,
Sea Cow Games,"Art, Original Artwork"
Sea Dog Game Studios,"3D Printing, Art, Original Artwork"
SFR,
Shark Robot,
Shibe Ink,
Silver Leaf Costumes,
Sky Kingdom Games,
SlugFest Games,
SMASHCRAFT,
Smirk and Dagger Games,
Snap Ships,
Snowbright Studio,
Solis Game Studio,
Sophisticated Cerberus Games,
Soul Masters TCG,
Spiel des Jahres e.V.,
Spin Master Games,
Squatchy Games,
SRG Universe,
StarCityGames.com,
Start Here! Beach House RPGs,"Art, Original Artwork, Roleplaying Games"
Starwind Design,"Dice, Dice Trays"
Stat Trackers,
Steamforged Games,"Board Games, Card Games, Dice, Dice Trays, Miniatures, Roleplaying Games"
Steve Argyle,
Steve Jackson Games,
STL Ocarina,
Stoneblade Entertainment,
Strange Machine Games,
Studio 2 Publishing Inc.,
Studio de Sade: Fine Art of Nigel Sade,
Studio Woe,
Succubus Publishing,
Surfin' Meeple USA,"Board Games, Dice, Dice Trays"
Tabletop Tycoon,
Tea & Absinthe,
Teburu,
TeeTurtle & Unstable Games,
Terragon Gaming,"Miniatures, Wargames"
The Arcane Library,"Prints, Roleplaying Games"
The Arcane Threadery,
The Castle Games,
The Dice Tower,
The ENNIE Awards,
The Evergreen Burrow,
The Five Wits,
The Magical Land of Yeld,"Game Mats, Roleplaying Games"
The TESA Collective,Board Games
The Weathered Dragon,
Themeborne,
"Thompson Productions, LLC","Dice, Dice Trays, Roleplaying Games"
Thunderworks Games,
Timid Monsters,Handmade Goods
Titan Forge,
Tokyo Sky,"Art, Original Artwork, Prints"
Toynk Toys,Resin Crafts
Treasure Falls Games,
Triceratops Games,
Trick or Treat Studios,
Troll and Toad,
Troll Lord Games,"Art, Original Artwork, Prints, Roleplaying Games"
TTCombat,"Dice, Dice Trays, Game Mats"
Twilight Creations,
Twin City Games,
Twogether Studios,Game Mats
Tyler Walpole Creations,Prints
Ukiyo-e Heroes,"Art, Handmade Goods, Original Artwork, Prints"
Ukiyo-pop,
Ulisses Spiele International,
Ultra Pro,
Unleash the Goddess,
Unphazed Games,Board Games
Upper Deck,"Art, Original Artwork"
Utopia Toys and Models,
UVS Games,Card Games
Van Ryder Games,
Vesuvius Media,
Volante Design Inc,
Warhammer,
Wattsalpoag,
We Have Issues! Publishing,"Demos, Miniatures, Wargames"
Weird City Games,
Weird Giraffe Games,
Wet Ink Games,
Whales Entertainment,
Wildfire,
Wise Wizard Games,
Wonderful World Board Games,
Woodside Illustrations,"Art, Original Artwork, Prints"
World in Chains Chainmaille,
Wyrd Games,
Wyrmwood,"Dice, Dice Trays, Resin Crafts"
Wyvern Warfare,"Art, Dice, Dice Trays, Original Artwork, Resin Crafts"
XYZ Game Labs,
Zombie Orpheus Entertainment,