Name,Tags
1985 Games,Board Games
25th Century Games,Board Games
3WS Games,Board Games
9th Level Games,Board Games
Aaron Miller Illustration,"Fantasy Art, Original Artwork, Prints"
AAW Games,Board Games
Abbots Hollow Studios,
Academy Games,Board Games
Ad Atra,
Adam's Apple Games,Board Games
Adventure Scents by Oddfish Games,Board Games
AEG,
AEGIS Combining Robots,
Alayna Danner,
Albino Dragon,
Alex W Draws,
Alley Cat Games,Board Games
Allplay,
AllTru2U,
Alpha Clash TCG,
Amazing Discoveries,
AMIGO Games,Board Games
Anime Depot,
AnimeStuffStore.com,
APE Games,Board Games
Arcane Wonders,
Archon Games,Board Games
Archon Studio,
Arcknight,
Ares Games,Board Games
Arkenforge Tabletop,
ArmorClass10 Apparel,
Armoured Wolf Productions,
Ars Invicta: Art of Charles Urbach,Art
Art and Masks by Lisa Sell,Art
Art by David Lee Pancake,Art
Art of David Wong,Art
Artis Opus,
Artovision,
Asmadi Games,Board Games
Asmodee,
Astra Fauna,
Avantris Entertainment,
Awl Father Wood Craft,Woodworking
Axostories & Latine Lounge Present ,
B.A. Games,Board Games
BackerKit,
Badali Jewelry,
Badger Air-Brush Co.,
Badger Games,Board Games
Badgers From Mars,
Baldman Games,Board Games
"Bandai Co., Ltd.",
Bard & Broad,
Barrel Aged Games,Board Games
Battle Foam,
Battlelords of the 23rd Century,
Baz LLC,
BCW Supplies,
Beadle & Grimm's,
Bellows Intent,
Bezier Games,Board Games
BFE Webcomics,
BGNations,
Bicycle,
Bitewing Games,Board Games
Black Labrador Creations,
Black Oak Workshop,Workshops
Blackout Games,Board Games
Blonde Swan Hats,
Blue Heron,
Blue Orange Games,Board Games
Blue Rondo Games,Board Games
Board & Dice,"Board Games, Dice, Dice Trays"
BoardGamesMaker.com,Board Games
Boda Games Manufacturing,Board Games
BOMBYX,
Breaking Games,Board Games
Bricks & Boards,
Broadway Toys Limited,
Broken Egg Games,Board Games
Brookspun Games,Board Games
"Brotherwise Games, LLC",Board Games
Brueh Games Inc,Board Games
Bryan Scott Fyffe,
Burning Wheel,
Bushiroad,
Calliope Games.,Board Games
Cantrip Candles,
Capstone Games,Board Games
CapyCat Games,Board Games
Cardboard Dynamo,
Carolina Game Tables,"Board Games, Card Games, Game Accessories, Roleplaying Games"
Castillo Studios,
Catalyst Game Labs,"Board Games, Card Games, Game Accessories, Roleplaying Games"
Central Michigan University Press,
Cephalofair Games,Board Games
CGE,
CGS Creative Games Studio,Board Games
Chaosium,
Charming Games Collective,Board Games
Chessex Manufacturing,
Chimera Hobby Shop,
"Chip Theory Games, LLC",Board Games
Chris Seaman Illustration Studio,"Fantasy Art, Original Artwork, Prints"
Chronicle RPG Accessories,Roleplaying Games
Collector's Cache,
Color Spray Creations,
Columbia Games,Board Games
Conquest,
Contention Games,Board Games
Continuum Games,Board Games
Coolstuffinc.com,
Corsets and Cogs,
Corvus Belli Infinity,
Cosplay Deviants,Cosplay
CR GAMES,Board Games
Craft Hackers,
Crafty Games,Board Games
Creature Curation,
Crimson Chain Leather Works,Leather Goods
Critical Hit Gaming Supplies,
CRWN Studios,
Cryptozoic Entertainment,
Crystal Caste,
Cubicle 7 Entertainment,
"D-Verse Publishing, LLC",
Dapper On Arrival,
Dara Studios,
Daria Aksenova,
Dark Moon Cards and Games,Board Games
Darrington Press,
Dave & Adam's Card World,Card Games
Dead Alive Games,Board Games
Delicious Boutique,
Detestable Games,Board Games
Devious Weasel Games,Board Games
Devir Games,Board Games
DGS Games,Board Games
Diana Stein,
Dice Dungeons,"Dice, Dice Trays"
Dice Throne,"Dice, Dice Trays"
Diemension Games Inc.,Board Games
Dire Wolf Digital,
Dispel Dice,"Dice, Dice Trays"
DIZED,
Doctor Gus Designs,
Dogs With Jobs,
Dolphin Hat Games,Hats & Headwear
Doomlings,
Double Infinity Gaming,
Dragon Shield,
Dragonsong Forge,
Dryad Tea,
DV Games,Board Games
DVC Games,Board Games
Dwarven Forge,
Eastar Game Manufacturing,"Board Games, Card Games, Game Accessories, Roleplaying Games"
Echo Chernik,
Eerie Games TTRPGs,Board Games
Elderwood Academy,
Eldritch Foundry,
Elf Creek Games,Board Games
ENHANCE Gaming,
Envy Born Games,Board Games
Ephyrean Games,Board Games
Equilibrium USG,
Erik's Curiosa,
Escape Plan Games,Board Games
Everything Epic,
Extra Life,
Fallenlights Studio,
Fambam Games,Board Games
Family Time Games,Board Games
FanRoll by Metallic Dice Games,"Dice, Dice Trays"
Fate of the Norns,
Featherstone Games,Board Games
Fernando's Engravings,
Fireforge Games,Board Games
Firelock Games,Board Games
Fireside Games,Board Games
First Fish Games,Board Games
Flagbearer Games,Board Games
Flesh and Blood TCG,
Floodgate Games,Board Games
Floral Frolic,
Flying Frog Productions,
Foam Brain Games,Board Games
Fogel Pens & Creations,
Forged Foam,
Forteller,
Free League Publishing,
Frenemy Games Studio,Board Games
Friendly Skeleton,
Galladoria Games,Board Games
Game Envy,"Board Games, Card Games, Game Accessories, Roleplaying Games"
Game Theory Tables,"Board Games, Card Games, Game Accessories, Roleplaying Games"
Game Trade Magazine,"Board Games, Card Games, Game Accessories, Roleplaying Games"
Game Trayz,"Board Games, Card Games, Game Accessories, Roleplaying Games"
GameHead,Board Games
Gameland,Board Games
Gamelyn Games,Board Games
Gamer Concepts,Board Games
Games and Gears,Board Games
Games Plus,Board Games
GameTalkNetwork.com,Board Games
Gamewright,Board Games
Gaming Honors LLC,
"Gaming Paper, LLC",
GamingEtc.com Magic & Minis,
Gate Keeper Games & Dice,"Dice, Dice Trays"
Gatherers' Tavern,
GCT Studios,
Geek & Muse Collection,
Geek Orthodox,
Geeknson,
Geeky Endeavors,
Gehenna Gaming,
Gemhammer and Sons,
Genius Games,Board Games
Ghost Galaxy,
Ghostfire Gaming,
Gila RPGs,
Glass Cannon Network,
Glass Cannon Unplugged,
GlitchGear.com,
Golden Light Dice,"Dice, Dice Trays"
Goliath Coins,
Good Games,Board Games
Goodman Games,Board Games
Gooey Cube,
Got Kilt,
Grand Gamers Guild,Board Games
Grandpa Beck's Games,Board Games
Gray Matters Games,Board Games
Great American Gothic,
Green Ronin Publishing,
Grey Fox Games,Board Games
Griffin Road Games,Board Games
HABA USA,
Hachette Boardgames,Board Games
Haha Anime and Games,Board Games
Half Price Books,
Hammerdog Games,Board Games
Happy Camper,
Harebrained Design,
Helaman's Warriors,
Henna Body Art by Desi,Art
Hit Point Press Inc.,
"HOBBY JAPAN CO., LTD.",
Honeck Sculpture,
Horrible Guild,
Hot Banana Games Inc.,Board Games
Hotsauce Games,Board Games
Howard Tayler Jim Zub,
Hrothgar's Hoard,
Icarus Magic,
Imagine Majesty Productions,
Imagining Games,Board Games
Impact! Miniatures,
Incredible Dream,
Indie Boards & Cards,
Indie Game Developer Network,"Board Games, Card Games, Game Accessories, Roleplaying Games"
Indie Press Revolution,
Infinite Black,
Inkwell Ideas,
Inside Up Games,Board Games
Iron Crown Enterprises,
Iron Wind Metals,
It's Kind of a Fun Story,
IV Studio,
Japan Pavilion,
Japanime Games,Board Games
Jeszika Le Vye,
Joanna Barnum Art,Art
Kenzer and Company,
Kess Co,
Keymaster Games,Board Games
Kingdom Death,
Kinson Key Games,Board Games
KLASK,
Kobold Press,
Kosmos,
Kozz Games: Dark Tomb,Board Games
KTBG & Burnt Island Games,Board Games
Ky Tran Art,Art
Lady Heathers Fashions,
Lamentations of the Flame Princess,
Last Night Games,Board Games
Lautapelit.fi,
Leder Games,Board Games
Legendary Realms Terrain,
LEGENDS: The Superhero Role-Playing Game,"Board Games, Card Games, Game Accessories, Roleplaying Games"
Lethal Shadows Premium Minis,
Level 99 Games,Board Games
Level Up Dice,"Dice, Dice Trays"
Leyline Press,
Limithron,
Limitless Adventures,
Lioness Games,Board Games
Little Game Masters,"Board Games, Card Games, Game Accessories, Roleplaying Games"
Loft817,
LongPack Games & Toys,Board Games
Loot Studios,
Lor Illustration,"Fantasy Art, Original Artwork, Prints"
Lost Boy Entertainment,
"Lowtek Games, LLC",Board Games
Lucky Duck Games,Board Games
Luma Imports,
Lynnvander Studios,
Maeca Art,Art
Mage Hand Press,
Magic Minis and More,
Magpie Games,Board Games
Mana Project Studio ,
Mantic Entertainment,
Many Worlds Tavern,
Margaret Weis,
Mattel,
Mayday Games,Board Games
Medieval Collectibles,
Meeple Source,
MELORIA,
Meromorph Games,Board Games
Metal Weave Games,Board Games
Metis Creative,
Mid Level Meeple,
Mighty Boards,
Mindclash Games,Board Games
MindWare/Peaceable Kingdom,
Miniature Market,"Miniatures, Wargames"
Mirkywood Emporium,
Mistymountaingaming.com ,
MIT Press,
MOCO Games,Board Games
Modiphius Entertainment,
Monster Adventure Terrain,
Monster Fight Club,
Monument Hobbies,
Moonshot Games,Board Games
Moose Games,Board Games
Moss Fete,
MOZAIC GAMES,Board Games
Mr Nice Guy Games,Board Games
Mugs and Woods,
Musings,
My Little Demon,
Mythic Arts by Shauna Aura Knight,
Mythicos Studios,
Mythworks,
Najarian Art,Art
Naomi VanDoren,
Necromolds,
NEED GAMES!,Board Games
Neoclassical Games,Board Games
NerdBurger Games,Board Games
Norse Foundry,
North Star Games,Board Games
O Christmas Geek,
Oink Games,Board Games
Ol' Cranky Man Collectibles,
One More Turn Games,Board Games
Origami Whale Games,Board Games
Orto Games,Board Games
Osprey Games,Board Games
Owloo Art,Art
Paizo,
Palladium Books,
Panda Cult Games,Board Games
Pandasaurus Games,Board Games
Paverson Games,Board Games
Pawley Studios,
Pawstar,
Pegasus Publishing,
Pegasus Spiele ,
Pendragon Costumes,
Pendragon Game Studio,"Board Games, Card Games, Game Accessories, Roleplaying Games"
Penguin Random House,
Penny Arcade,
Pens and More,
Perplext,
PescEffects - The Art of Jerry Pesce LLC,Art
Petro Gaming Group,
Phase Shift Games,Board Games
Pine Box Entertainment,
Pine Island Games,Board Games
Pink Bunny Games,Board Games
Plaid Hat Games,Hats & Headwear
Pointy Hat Games,Hats & Headwear
Pop Nouveau,
Portal Games,Board Games
Possible Worlds Games,Board Games
Possum Creek Games,Board Games
Posthuman Studios,
Primal Trading Card Game,"Board Games, Card Games, Game Accessories, Roleplaying Games"
Pro-Play Games,Board Games
Prodigy Games,Board Games
Profantasy Software,
Prolific Games,Board Games
PudKat Games,Board Games
Pulp Figures,
Q-Workshop,Workshops
QuasiReal Publishing ,
Queen Games,Board Games
"R. TALSORIAN GAMES, Inc.",Board Games
Rabble,
Ravensburger,
Rebellion Unplugged,
Red Raven Games,Board Games
Red Republic Games,Board Games
Renegade Game Studios,"Board Games, Card Games, Game Accessories, Roleplaying Games"
Restoration Games,Board Games
Role 4 Initiative,
Roll & Play Press,
Rollacrit,
Rose Gauntlet Entertainment,
"Rowan, Rook and Decard",
Roxley Games Temp,Board Games
Runaway Parade Games,Board Games
Ruth Thompson Fantasy Art,"Art, Fantasy Art"
Salt & Pepper Games,Board Games
Savagesparrow Studios,
Sea Cow Games,Board Games
Sea Dog Game Studios,"Board Games, Card Games, Game Accessories, Roleplaying Games"
SFR,
Shadows on the Wall Autographs,
Shark Robot,
Shibe Ink,
Silver Leaf Costumes,
Sirius Dice,"Dice, Dice Trays"
Sky Kingdom Games,Board Games
SlugFest Games,Board Games
SMASHCRAFT,
Smirk and Dagger Games,Board Games
Snap Ships,
Snowbright Studio,
Solis Game Studio,"Board Games, Card Games, Game Accessories, Roleplaying Games"
Sophisticated Cerberus Games,Board Games
Soul Masters TCG,
SoulMuppet Publishing,
Spiel des Jahres e.V.,
Spin Master Games,Board Games
Squatchy Games,Board Games
SRG Universe,
StarCityGames.com,Board Games
Start Here! Beach House RPGs,
Starwind Design,
Stat Trackers,
Steamforged Games,Board Games
Steve Argyle,
Steve Jackson Games,Board Games
STL Ocarina,
Stoneblade Entertainment,
Strange Machine Games,Board Games
Studio 2 Publishing Inc.,
Studio de Sade: Fine Art of Nigel Sade,Art
Studio Woe,
Succubus Publishing,
Surfin' Meeple USA,
Tabletop Tycoon,
Tavern Crawl Games,Board Games
Tea & Absinthe,
Teburu,
TeeTurtle & Unstable Games,Board Games
Terragon Gaming,
The Arcane Library,
The Arcane Threadery,
The Army Painter,
The Art of Michael C. Hayes,Art
The Castle Games,Board Games
The Dice Tower,"Dice, Dice Trays"
The ENNIE Awards,
The Evergreen Burrow,
The Five Wits,
The Magical Land of Yeld,
The TESA Collective,
The Weathered Dragon,
Themeborne,
This Way,
"Thompson Productions, LLC",
Thunderworks Games,Board Games
Timid Monsters,
Titan Forge,
Tokyo Sky,
Toynk Toys,
Treasure Falls Games,Board Games
Triceratops Games,Board Games
Trick or Treat Studios,
Troll and Toad,
Troll Lord Games,Board Games
TTCombat,
Twilight Creations,
Twin City Games,Board Games
Twogether Studios,
Tyler Walpole Creations,
Ukiyo-e Heroes,
Ukiyo-pop,
Ulisses Spiele International,
Ultimate Guard,
Ultra Pro,
Unleash the Goddess,
Unphazed Games,Board Games
Upper Deck,
Utopia Toys and Models,
UVS Games,Board Games
Van Ryder Games,Board Games
Vesuvius Media,
Volante Design Inc,
Ward Trading Card Company,Card Games
Warhammer,
Wattsalpoag,
We Have Issues! Publishing,
Weird City Games,Board Games
Weird Giraffe Games,Board Games
Wet Ink Games,Board Games
Whales Entertainment,
Wildfire,
Wise Wizard Games,Board Games
Wonderful World Board Games,Board Games
Woodside Illustrations,
World in Chains Chainmaille,
Wyrd Games,Board Games
Wyrmwood,
Wyvern Warfare,
XYZ Game Labs,"Board Games, Card Games, Game Accessories, Roleplaying Games"
Zero Strategy Games,Board Games
Zeys Games,Board Games
Zombie Orpheus Entertainment,
